CPU%,RAMGB,REDE_RECV
3.7,5.886680603027344,269192053
3.0,5.888336181640625,269197170
0.6,5.887413024902344,269197348
3.1,5.8809661865234375,269197677
1.9,5.885631561279297,269197799
