{"CPU%":{"0":63.1,"1":49.1,"2":62.9,"3":66.3,"4":45.1},"RAMGB":{"0":10.7613220215,"1":10.7683296204,"2":10.7603874207,"3":10.7922744751,"4":10.7751808167},"REDE_RECV":{"0":368654150,"1":368657455,"2":368659976,"3":368666248,"4":368669104}}