{
"CPU%":{"0":41.4,"1":35.0,
"2":64.3,
"3":54.6,
"4":61.9},
"RAMGB":{"0":10.888633728,
"1":10.8976821899,
"2":10.9075584412,
"3":10.9010887146,
"4":10.8698883057},
"REDE_RECV":{"0":367377765,
"1":367379557,
"2":367380621,
"3":367381629,
"4":367382861}
}